{"cameraMode":{"drawMode":0,"name":"Shaded","section":"Shading Mode"},"sceneLighting":true,"audioPlay":false,"sceneViewState":{"m_AlwaysRefresh":false,"showFog":true,"showSkybox":true,"showFlares":true,"showImageEffects":true,"showParticleSystems":true,"showVisualEffectGraphs":true,"m_FxEnabled":true},"in2DMode":false,"pivot":{"x":-0.004232476931065321,"y":0.25005218386650088,"z":-0.12820911407470704},"rotation":{"x":-3.694558614597554e-8,"y":0.9526403546333313,"z":-0.30410680174827578,"w":1.4195421726981295e-7},"size":8.056636810302735,"orthographic":true}